alprazolam,clonazepam,filipino
amantadine,amiodarone,filipino
amiodarone,amantadine,filipino
apidra,spiriva,filipino
apixaban,axitinib,filipino
aripiprazole,rabeprazole,filipino
atomoxetine,atorvastatin,filipino
azacitidine,azathioprine,filipino
brilinta,brintellix,filipino
bupivacaine,ropivacaine,filipino
captopril,carvedilol,filipino
cefazolin,cefoxitin,filipino
cefazolin,ceftazidime,filipino
cefazolin,ceftriaxone,filipino
cefoxitin,ceftazidime,filipino
cefoxitin,ceftriaxone,filipino
ceftazidime,ceftriaxone,filipino
cetirizine,sertraline,filipino
cisplatin,carboplatin,filipino
clobazam,clonazepam,filipino
clonazepam,clonidine,filipino
clonazepam,clozapine,filipino
clonidine,clozapine,filipino
cozaar,zocor,filipino
cyclophosphamide,cyclosporine,filipino
dactinomycin,daptomycin,filipino
depakote,depakote er,filipino
dexamethasone,dexmedetomidine,filipino
diazepam,diltiazem,filipino
diﬂucan,diprivan,filipino
dimenhydrinate,diphenhydramine,filipino
dobutamine,dopamine,filipino
docetaxel,paclitaxel,filipino
doxorubicin,idarubicin,filipino
duloxetine,fluoxetine,filipino
ephedrine,epinephrine,filipino
epirubicin,eribulin,filipino
fluoxetine,paroxetine,filipino
fluphenazine,fluvoxamine,filipino
gabapentin,gemfibrozil,filipino
gentamicin,gentian violet,filipino
humalog,humulin,filipino
hydrochlorothiazide,hydralazine,filipino
hydrochlorothiazide,hydroxyzine,filipino
hydrochlorothiazide,hydroxychloroquine,filipino
hydroxyurea,hydroxychloroquine,filipino
hydroxyurea,hydroxyzine,filipino
hydroxyzine,hydralazine,filipino
idarubicin,idarucizumab,filipino
infliximab,rituximab,filipino
inspra,spiriva,filipino
iodine,lodine,filipino
isordil,plendil,filipino
isotretinoin,tretinoin,filipino
janumet,januvia,filipino
ketamine,ketorolac,filipino
labetalol,lamictal,filipino
labetalol,lamotrigine,filipino
lamivudine,lamotrigine,filipino
lamotrigine,levetiracetam,filipino
lamotrigine,levothyroxine,filipino
lanoxin,levothyroxine,filipino
lanoxin,naloxone,filipino
lantus,latuda,filipino
latuda,lantus,filipino
levetiracetam,levocarnitine,filipino
levetiracetam,levofloxacin,filipino
lithium,ultram,filipino
medroxyprogesterone,methylprednisolone,filipino
metformin,metronidazole,filipino
metoprolol succinate,metoprolol tartrate,filipino
nalbuphine,naloxone,filipino
nexium,nexavar,filipino
nicardipine,nifedipine,filipino
nicardipine,nimodipine,filipino
nifedipine,nimodipine,filipino
olanzapine,quetiapine,filipino
oxcarbazepine,carbamazepine,filipino
oxycodone,oxycontin,filipino
oxycontin,oxytocin,filipino
paroxetine,piroxicam,filipino
plavix,pradaxa,filipino
prednisolone,prednisone,filipino
prograf,proscar,filipino
prograf,prozac,filipino
proscar,provera,filipino
provera,prozac,filipino
pyridoxine,pyridostigmine,filipino
risperdal,ropinirole,filipino
risperidone,ropinirole,filipino
saxagliptin,sitagliptin,filipino
seroquel,seroquel xr,filipino
silodosin,sirolimus,filipino
sitagliptin,sumatriptan,filipino
solu-cortef,solu-medrol,filipino
sorafenib,sunitinib,filipino
tacrolimus,tamsulosin,filipino
tarceva,tresiba,filipino
tegretol,trental,filipino
terbinafine,terbutaline,filipino
tobradex,tobrex,filipino
toujeo,tresiba,filipino
tresiba,tarceva,filipino
tresiba,toujeo,filipino
valacyclovir,valganciclovir,filipino
valcyte,valtrex,filipino
vesicare,vesanoid,filipino
vfend,vimpat,filipino
vinblastine,vincristine,filipino
xeloda,xenical,filipino
zestril,zyprexa,filipino
zocor,cozaar,filipino
zolpidem,zyloprim,filipino
zovirax,zyvox,filipino