alprazolam,clonazepam,english
amantadine,amiodarone,english
amiodarone,amantadine,english
apidra,spiriva,english
apixaban,axitinib,english
aripiprazole,rabeprazole,english
atomoxetine,atorvastatin,english
azacitidine,azathioprine,english
brilinta,brintellix,english
bupivacaine,ropivacaine,english
captopril,carvedilol,english
cefazolin,cefoxitin,english
cefazolin,ceftazidime,english
cefazolin,ceftriaxone,english
cefoxitin,ceftazidime,english
cefoxitin,ceftriaxone,english
ceftazidime,ceftriaxone,english
cetirizine,sertraline,english
cisplatin,carboplatin,english
clobazam,clonazepam,english
clonazepam,clonidine,english
clonazepam,clozapine,english
clonidine,clozapine,english
cozaar,zocor,english
cyclophosphamide,cyclosporine,english
dactinomycin,daptomycin,english
depakote,depakote er,english
dexamethasone,dexmedetomidine,english
diazepam,diltiazem,english
diflucan,diprivan,english
dimenhydrinate,diphenhydramine,english
dobutamine,dopamine,english
docetaxel,paclitaxel,english
doxorubicin,idarubicin,english
duloxetine,fluoxetine,english
ephedrine,epinephrine,english
epirubicin,eribulin,english
fluoxetine,paroxetine,english
fluphenazine,fluvoxamine,english
gabapentin,gemfibrozil,english
gentamicin,gentian violet,english
humalog,humulin,english
hydrochlorothiazide,hydralazine,english
hydrochlorothiazide,hydroxyzine,english
hydrochlorothiazide,hydroxychloroquine,english
hydroxyurea,hydroxychloroquine,english
hydroxyurea,hydroxyzine,english
hydroxyzine,hydralazine,english
idarubicin,idarucizumab,english
infliximab,rituximab,english
inspra,spiriva,english
iodine,lodine,english
isordil,plendil,english
isotretinoin,tretinoin,english
janumet,januvia,english
ketamine,ketorolac,english
labetalol,lamictal,english
labetalol,lamotrigine,english
lamivudine,lamotrigine,english
lamotrigine,levetiracetam,english
lamotrigine,levothyroxine,english
lanoxin,levothyroxine,english
lanoxin,naloxone,english
lantus,latuda,english
latuda,lantus,english
levetiracetam,levocarnitine,english
levetiracetam,levofloxacin,english
lithium,ultram,english
medroxyprogesterone,methylprednisolone,english
metformin,metronidazole,english
metoprolol succinate,metoprolol tartrate,english
nalbuphine,naloxone,english
nexium,nexavar,english
nicardipine,nifedipine,english
nicardipine,nimodipine,english
nifedipine,nimodipine,english
olanzapine,quetiapine,english
oxcarbazepine,carbamazepine,english
oxycodone,oxycontin,english
oxycontin,oxytocin,english
paroxetine,piroxicam,english
plavix,pradaxa,english
prednisolone,prednisone,english
prograf,proscar,english
prograf,prozac,english
proscar,provera,english
provera,prozac,english
pyridoxine,pyridostigmine,english
risperdal,ropinirole,english
risperidone,ropinirole,english
saxagliptin,sitagliptin,english
seroquel,seroquel xr,english
silodosin,sirolimus,english
sitagliptin,sumatriptan,english
solu-cortef,solu-medrol,english
sorafenib,sunitinib,english
tacrolimus,tamsulosin,english
tarceva,tresiba,english
tegretol,trental,english
terbinafine,terbutaline,english
tobradex,tobrex,english
toujeo,tresiba,english
tresiba,tarceva,english
tresiba,toujeo,english
valacyclovir,valganciclovir,english
valcyte,valtrex,english
vesicare,vesanoid,english
vfend,vimpat,english
vinblastine,vincristine,english
xeloda,xenical,english
zestril,zyprexa,english
zocor,cozaar,english
zolpidem,zyloprim,english
zovirax,zyvox,english